ID;Название;Шаги;Ожидаемый результат;Покрытие автотестом
TC-01;Успешная авторизация;1. Открыть приложение. 2. Ввести login2. 3. Ввести password2. 4. Нажать SIGN IN;Открывается главный экран с новостями;Да
TC-02;Авторизация с пустым логином;1. Открыть приложение. 2. Оставить Login пустым. 3. Ввести password2. 4. Нажать SIGN IN;Вход не выполнен, показано сообщение об ошибке;Нет — требуется доступ к backend-валидации, эмуляция ошибки нестабильна
TC-03;Авторизация с пустым паролем;1. Ввести login2. 2. Оставить Password пустым. 3. Нажать SIGN IN;Вход не выполнен, показано сообщение об ошибке;Нет — аналогично TC-02
TC-04;Авторизация с неверным логином;1. Ввести wrong_login. 2. Ввести password2. 3. Нажать SIGN IN;Вход не выполнен;Нет — требует проверки ответа сервера на невалидные данные
TC-05;Авторизация с неверным паролем;1. Ввести login2. 2. Ввести wrong_pass. 3. Нажать SIGN IN;Вход не выполнен;Нет — аналогично TC-04
TC-06;Отображение главного экрана;1. Авторизоваться. 2. Проверить элементы;Видны: заголовок, News, ALL NEWS, список новостей;Да
TC-07;Раскрытие карточки новости;1. Нажать на карточку новости;Раскрывается описание новости;Да
TC-08;Переход в All News;1. Нажать ALL NEWS;Открывается экран со списком всех новостей и панелью управления;Да
TC-09;Открытие бокового меню;1. Нажать иконку меню;Открывается drawer с пунктом News;Да
TC-10;Переход в раздел цитат;1. Нажать иконку Our Mission;Открывается экран с цитатами (заголовок Love is all);Да
TC-11;Logout;1. Нажать иконку профиля. 2. Нажать Log out;Возврат на экран авторизации;Да
TC-12;Открытие Control panel;1. Войти. 2. Нажать ALL NEWS. 3. Нажать иконку карандаша;Открывается Control panel со списком всех новостей;Да
TC-13;Сортировка новостей;1. В Control panel нажать иконку сортировки;Список сортируется;Нет — механика сортировки неясна без документации
TC-14;Фильтрация новостей;1. В Control panel нажать иконку фильтра;Открывается панель фильтров;Нет — аналогично TC-13
TC-15;Открытие формы создания новости;1. В Control panel нажать +;Открывается форма Creating News;Да
TC-16;Создание новости;1. Заполнить Category, Title, Publication date, Time, Description. 2. Нажать SAVE;Новость появляется в списке;Да
TC-17;Создание новости без Title;1. Заполнить всё, кроме Title. 2. Нажать SAVE;Сохранение блокируется, показана ошибка;Нет — валидация нестабильна для автотеста
TC-18;Отмена создания новости;1. Открыть форму. 2. Нажать CANCEL;Форма закрывается без сохранения;Да
TC-19;Редактирование новости;1. В Control panel нажать карандаш у новости. 2. Изменить Title. 3. SAVE;Изменения сохранены;Да
TC-20;Удаление новости;1. В Control panel нажать иконку корзины у новости;Новость удалена из списка;Да
TC-21;Проверка Creation date;1. Войти. 2. Открыть Control panel. 3. Посмотреть Creation date;Дата отображается в корректном формате (год 2026, а не 58714);Да
TC-22;Проверка Publication date;1. Открыть Control panel;Publication date корректна;Да
TC-23;Отображение статуса Active;1. Открыть Control panel;У новостей отображается статус ACTIVE;Да