ID;Проверка;Статус;Комментарий
1;Авторизация с валидными данными (login2/password2);Pass;Вход выполнен
2;Авторизация с пустым логином;Not Run;
3;Авторизация с пустым паролем;Not Run;
4;Авторизация с неверным логином;Not Run;
5;Авторизация с неверным паролем;Not Run;
6;Отображение главного экрана после входа;Pass;
7;Раскрытие карточки новости на главном экране;Pass;Показывает описание
8;Переход в раздел All News;Pass;
9;Открытие бокового меню;Pass;Пункт News
10;Переход в раздел цитат (Our Mission);Pass;Love is all
11;Logout через иконку профиля;Pass;
12;Отображение списка новостей в Control panel;Pass;
13;Сортировка новостей;Not Run;
14;Фильтрация новостей;Not Run;
15;Открытие формы создания новости;Pass;
16;Создание новости с валидными данными;Not Run;
17;Создание новости с пустым Title;Not Run;
18;Отмена создания новости (CANCEL);Pass;
19;Редактирование новости;Not Run;
20;Удаление новости;Not Run;
21;Статус Active/Inactive у новости;Not Run;
22;Корректность отображения Creation date;Fail;Год 58714 - баг
23;Корректность отображения Publication date;Pass;
24;Отображение автора новости;Pass;